{"cameraMode":{"drawMode":0,"name":"Shaded","section":"Shading Mode"},"sceneLighting":false,"audioPlay":false,"sceneViewState":{"showFog":true,"showMaterialUpdate":false,"showSkybox":false,"showFlares":true,"showImageEffects":true,"showParticleSystems":true},"in2DMode":false,"pivot":{"x":-2.8287172317504885,"y":9.948521614074707,"z":-13.018974304199219},"rotation":{"x":-0.30830663442611697,"y":0.36406436562538149,"z":-0.12911459803581239,"w":-0.8693302869796753},"size":22.0,"orthographic":false}